{"stats":{"minecraft:custom":{"minecraft:time_since_rest":125,"minecraft:crouch_one_cm":97,"minecraft:deaths":2,"minecraft:sprint_one_cm":3431,"minecraft:play_time":29758,"minecraft:walk_one_cm":8384,"minecraft:damage_taken":1633,"minecraft:damage_absorbed":161,"minecraft:sneak_time":266,"minecraft:walk_under_water_one_cm":995,"minecraft:mob_kills":3,"minecraft:drop":1,"minecraft:jump":85,"minecraft:damage_dealt":698,"minecraft:leave_game":5,"minecraft:walk_on_water_one_cm":409,"minecraft:time_since_death":121,"minecraft:total_world_time":29758,"minecraft:fall_one_cm":13748,"minecraft:fly_one_cm":88898},"minecraft:picked_up":{"minecraft:rotten_flesh":2,"modminds:palta":1},"minecraft:killed":{"modminds:fantasma_rojo":2,"minecraft:zombie":1},"minecraft:killed_by":{"modminds:fantasma_rojo":1},"minecraft:used":{"modminds:bomba_negra_spawn_egg":1,"modminds:espada_fantas_mal":8,"modminds:casino_spawn_egg":1,"modminds:fantasma_rojo_spawn_egg":2},"minecraft:dropped":{"modminds:palta":1}},"DataVersion":3465}