{
  "minecraft:recipes/decorations/crafting_table": {
    "criteria": {
      "unlock_right_away": "2025-08-11 04:31:00 +0000"
    },
    "done": true
  },
  "minecraft:adventure/adventuring_time": {
    "criteria": {
      "minecraft:taiga": "2025-08-11 04:31:01 +0000",
      "minecraft:snowy_plains": "2025-08-11 04:34:04 +0000",
      "minecraft:snowy_taiga": "2025-08-11 22:14:22 +0000",
      "minecraft:forest": "2025-08-11 04:33:59 +0000"
    },
    "done": false
  },
  "DataVersion": 3465
}